"","METAB_3-Aminoglutaric acid","METAB_HMDB0000034","METAB_HMDB0000056","METAB_HMDB0000072","METAB_HMDB0000092","METAB_HMDB0000094","METAB_HMDB0000112","METAB_HMDB0000115","METAB_HMDB0000122","METAB_HMDB0000123","METAB_HMDB0000126","METAB_HMDB0000131","METAB_HMDB0000132","METAB_HMDB0000133","METAB_HMDB0000134","METAB_HMDB0000139","METAB_HMDB0000148","METAB_HMDB0000149","METAB_HMDB0000158","METAB_HMDB0000159","METAB_HMDB0000161","METAB_HMDB0000162","METAB_HMDB0000167","METAB_HMDB0000172","METAB_HMDB0000176","METAB_HMDB0000182","METAB_HMDB0000187","METAB_HMDB0000190","METAB_HMDB0000191","METAB_HMDB0000195","METAB_HMDB0000207","METAB_HMDB0000210","METAB_HMDB0000211","METAB_HMDB0000220","METAB_HMDB0000243","METAB_HMDB0000254","METAB_HMDB0000262","METAB_HMDB0000263","METAB_HMDB0000283","METAB_HMDB0000296","METAB_HMDB0000300","METAB_HMDB0000357","METAB_HMDB0000362","METAB_HMDB0000407","METAB_HMDB0000426","METAB_HMDB0000482","METAB_HMDB0000510","METAB_HMDB0000517","METAB_HMDB0000535","METAB_HMDB0000568","METAB_HMDB0000573","METAB_HMDB0000574","METAB_HMDB0000630","METAB_HMDB0000638","METAB_HMDB0000650","METAB_HMDB0000660","METAB_HMDB0000661","METAB_HMDB0000673","METAB_HMDB0000687","METAB_HMDB0000694","METAB_HMDB0000696","METAB_HMDB0000719","METAB_HMDB0000742","METAB_HMDB0000744","METAB_HMDB0000749","METAB_HMDB0000765","METAB_HMDB0000779","METAB_HMDB0000806","METAB_HMDB0000807","METAB_HMDB0000812","METAB_HMDB0000827","METAB_HMDB0000847","METAB_HMDB0000866","METAB_HMDB0000883","METAB_HMDB0000943","METAB_HMDB0001051","METAB_HMDB0001151","METAB_HMDB0001173","METAB_HMDB0001266","METAB_HMDB0001401","METAB_HMDB0001406","METAB_HMDB0001473","METAB_HMDB0001488","METAB_HMDB0001548","METAB_HMDB0001844","METAB_HMDB0001870","METAB_HMDB0002092","METAB_HMDB0002142","METAB_HMDB0002322","METAB_HMDB0002520","METAB_HMDB0002994","METAB_HMDB0003229","METAB_HMDB0003355","METAB_HMDB0003424","METAB_HMDB0013674","METAB_HMDB0034252","METAB_HMDB0059916","METAB_Cystamine","METAB_Fendiline","METAB_Galactosamine","METAB_Glutathione-nTMS","METAB_HMDB0000020","METAB_HMDB0000023","METAB_HMDB0000067","METAB_HMDB0000168","METAB_HMDB0000197","METAB_HMDB0000212","METAB_HMDB0000214","METAB_HMDB0000267","METAB_HMDB0000303","METAB_HMDB0000305","METAB_HMDB0000306","METAB_HMDB0000448","METAB_HMDB0000508","METAB_HMDB0000555","METAB_HMDB0000624","METAB_HMDB0000625","METAB_HMDB0000695","METAB_HMDB0000700","METAB_HMDB0000714","METAB_HMDB0000725","METAB_HMDB0000755","METAB_HMDB0000784","METAB_HMDB0000840","METAB_HMDB0000996","METAB_HMDB0001414","METAB_HMDB0001492","METAB_HMDB0001514","METAB_HMDB0001545","METAB_HMDB0001999","METAB_HMDB0002064","METAB_HMDB0002931","METAB_HMDB0003338","METAB_HMDB0004825","METAB_HMDB0011733","METAB_HMDB0040937","METAB_HMDB0061715","METAB_HMDB0062477","METAB_Sedoheptulose-meto-6TMS"
"AJ218_1_RPMI",5.76264285777906,3.26555424411922,1.72389309221545,-6.12785000210083,3.08628871243256,0.70308446913791,4.25665937746387,0.9054978417279,0.613682360618498,2.29884843377969,3.11851535000443,6.89904441464573,1.73620052726979,2.9633425498181,2.8750230341193,4.73033551540284,5.87311600281624,3.41086281642441,2.94248625789948,3.49684757207491,2.52062326928086,2.80106762257383,2.68583145961943,5.88975114997257,-0.921766943126695,-1.09861207420039,2.91607440673448,-0.774957368785767,5.71362818563933,2.48731302385722,-1.51163166105638,1.14014032145976,2.3132421811679,1.81509537307229,-3.4922576518482,6.14164159844852,-1.30772169607707,-2.49850957140587,-1.17971546005042,2.5404149052376,4.80692383981997,1.90975206746504,-0.276179266128853,0.783760946075773,1.23425869898524,-3.5561133048511,5.43426953106055,-0.985211767689613,-1.02060365775412,-6.85250428068958,-4.71949650599951,0.667384535160121,0.338092345082142,-2.45707323645671,-3.16595599984519,-2.06372910224968,0.330334791389262,-5.46049318363305,6.03076614633763,0.195056577158198,-1.24610367921255,-4.28059105349768,-0.00192683593785503,1.76820536137181,1.23511295745824,0.865645691432459,1.31071946882306,-0.5433025562794,3.59446185447397,-3.4057864533537,1.95513269632218,-1.78227035992584,-8.87116418368716,6.17810837001103,-4.50180673811388,-3.22335787714284,-1.86390003536632,-3.76586516873924,-2.14139356390461,2.87075810893076,6.20438911710656,2.09196370598986,0.00192683593785503,-0.854615438815744,-2.46835372579392,-0.0838097778517657,-2.12519076106603,7.3467429875368,4.44303000192896,-0.651404132299742,-6.42926078572875,-3.2198760557674,4.36562543305469,-4.36530834410631,-5.38919107684382,1.19859731691045,-6.43293356466948,-1.46973146766643,1.78725600501253,-3.27050866573791,6.06483884420274,-1.8305498148032,-0.839046706490539,-13.1345052523005,-3.50883367902873,0.53623002045563,-0.51394408833508,-0.271270613333554,7.11517629087277,3.89596439496674,0.0670623511459034,1.5053695266082,-5.40630706262412,-3.74280135070507,-7.3260991862686,-0.78508860896018,-2.26714770650999,-4.45581529672924,2.65303401468278,-1.28736798780402,5.87354015437266,1.25924635359694,-2.82886224100062,-6.82663069370203,-6.14535697457289,6.38128571185409,-7.22565314035868,-0.700354667608677,-3.17613009205196,-1.16015651509217,2.4887831325524,-4.33571938523892,5.31756793620398,-0.611088317105775,-6.91079902061836,-6.03711804532815,-0.31922407842788,0.359533947237672,-2.0751992766911
"AJ218_1_SERA",6.08548256462819,3.10384084867604,-0.64264500996492,-10.2589924338674,5.38942248109418,-0.0750512094720044,3.4106798792007,2.03953705402535,1.28644523823456,3.8118490141979,4.08349231787083,8.78764186007198,1.51208996101833,1.62214248418018,3.72728431011942,5.99175186932577,6.65083869677069,3.69103908560332,2.73333242236234,4.16893652522906,2.59885012881337,2.3251817783372,2.58840820159747,5.51250374857474,0.254424220403585,-3.29352439099543,2.91194009160794,0.316261866869301,5.89491931798528,2.36959979155585,-1.79883111827719,1.49831765380531,-3.73586017104983,2.84126712039966,-3.480297546011,7.91969606288791,-0.793370123646779,-4.30384016869727,-1.50854928357804,3.72507481434594,6.19047270376266,2.4064469186732,-0.528045459203833,-0.131704736163396,0.620234115518969,-2.35457432393837,7.61120410414534,-1.39663106220527,-0.583422014009599,-5.57153285922419,-2.29558165405797,2.02551479074642,0.876901294606927,-2.02084947916302,-0.6219458020899,-0.507934508113597,3.37418787345127,-3.19437884448013,7.11727805203932,-0.35280194576713,0.0750512094720008,-4.12858054750573,-1.74767300559504,0.559578800634139,-1.41642682388086,1.78351024015601,2.17472161074256,0.725211406400987,3.19012793806112,-3.10258030135713,2.56502088364233,-0.593851238647781,-6.32857911540542,7.8360613159418,-2.1372815221758,-2.27568643536351,-1.76510957442124,-2.50942143256582,-0.667662222051518,4.50717835452605,4.67013041486274,3.07058854585701,2.87575693214774,-2.25662991237473,-2.93262451486802,1.17608553059335,-1.68498219331778,9.3317966610378,2.03929772726765,0.145915819320461,-6.03201946514132,-1.67743069448728,1.8129657538261,-3.09044051241914,-3.84171789865383,0.523007187668664,-0.943687754787355,-1.50813634432329,1.88120702558756,-3.25160029963733,6.0244036910337,-3.14546432282105,-0.22251770309089,-2.90772037739786,-2.68736964473433,0.624215758534454,-5.04527231454537,-1.01762557462069,8.79443287451364,2.37467775635907,0.112306837715906,0.122698657730432,-4.94847302347698,-3.05114235979911,-8.47727343879661,-0.972766993846752,-3.23571277310548,-4.53219107053615,0.606645514161233,-3.34848317362084,6.24348945825178,2.27696196772581,-2.00665102051806,-6.53293761391161,-6.40715784111017,8.34693316404126,-5.88276295457629,-0.171321466607237,-8.46013230597522,0.728758268167248,4.79881330406209,-4.73500091251288,6.68629699623428,-4.27764019509561,-9.25899243386736,-4.56045425157674,-1.50602760981545,0.241972191683672,-0.936164730671658
"AJ218_2_RPMI",6.12430184776251,3.15022083540151,1.72347323390866,-5.76206212390183,3.4805864356903,0.835207204086046,4.82969292222296,1.27906210543306,0.273844543418411,2.7586879387967,2.38723638131101,7.31574072630768,1.68123182062453,0.881447890557222,2.9241326090768,4.74436209232444,6.18656235665032,3.74560248709297,4.36099667165477,4.03808578098759,2.66888174964551,2.9343265525741,2.9563786592928,6.17978058700117,-1.13500252218591,-0.174115247837534,3.67215602303231,-0.536660151165652,6.07315774561746,2.38214175771508,-1.55276786512776,0.985882096862518,3.38311978825519,1.77234030781937,-3.08712546587714,6.45323925379852,-1.13822689204434,-1.98194020361282,-1.0522614038474,2.38337884901849,5.0356122334233,2.24160132654958,-0.529139623736235,1.4142015858867,0.82343988359084,-3.16810157737848,5.87038270932748,-0.670346408038064,-0.774024647959749,-6.74497475971756,-4.96839527359238,1.61009352513,0.511156299050473,-2.34666411364263,-2.65970363182591,-2.29056934829201,0.193352773575583,-5.28216248331566,6.43970136125402,-0.49587201435163,-1.06480469258707,-4.77566530177262,0.501037891826044,1.80209016553489,0.713816811904874,0.330216244674649,1.87844539994235,-0.330751915023036,3.48617556605408,-3.07624071918426,1.91098406611276,-1.36187252858401,-5.39192471487782,6.50586058561544,-4.12038327442746,-2.75791800809328,-1.92524065910137,-4.02413144544226,-2.41629114714987,2.42432716931871,5.9813660594677,1.36050808807149,-0.161782779413038,-1.2671008661671,-2.66729070451725,0.696997518860954,-2.18481206321533,7.74269256718294,4.50603130614627,-1.66467470637944,-5.9923642715069,-3.23425780097067,4.4570834819835,-4.82498888030102,-5.10731216511726,1.43726258762685,-5.87950288660798,-1.09372859218554,1.55281128559164,-3.67502872420663,6.28459245073271,0.0743390676509676,-0.607530732499441,-13.758064759158,-0.978841295973158,1.59705688278666,0.500142396511205,-0.11635939938736,7.38468134842441,3.84423328142799,-0.0743390676509676,2.5474099622429,-5.12174224206868,-3.51137363665179,-8.04496469216014,-0.417820555123399,-2.50247059533296,-4.72154768867148,2.38260776733622,-1.93752011564287,6.1365659673971,3.09454348496114,-3.34073964147808,-8.5133045247931,-6.43576101134809,6.78314756424904,-8.80193064452963,-1.40842554530712,-3.63475163458926,-1.32287200339212,2.49056393514817,-4.61744797945956,5.53394197552745,-1.63908314364084,-8.41524929779682,-5.48679628253717,-1.31953278139642,-0.693272883892842,-2.39549058945386
"AJ218_2_SERA",6.33543258153276,3.0502293276026,0.640294046098187,-7.9680583859872,5.24383896347349,-0.00683308093559276,2.93220296125839,1.40366932150071,1.44059361888646,3.13468032905287,3.04208072039113,7.52650899327436,1.96355396279368,1.44386434059238,3.0697106487076,4.99015888890144,6.4664262103529,3.01907466204819,4.02386348092548,4.39786558308031,2.68112713575484,2.78009016800004,2.36345240299519,5.88468885565115,0.524667987928467,-1.28511902010015,3.13229758289867,0.608113827724111,6.2318992607158,1.67408459974045,-5.07812552226484,1.30371149870292,1.96559083161985,1.9703780785942,-3.15697977908916,6.94780609999192,-1.55594292046007,-3.26886613445292,-2.3539772320524,3.2632369652895,5.09648968602489,2.54382194408341,-1.36026262775159,0.729143483478023,1.23855817069652,-3.3337653350102,6.65114344625277,-0.989698196588147,-1.14862556599521,-6.44153936522222,-3.58262734879368,1.84946786659434,0.461157912995709,-2.33500602604902,-1.16537139878064,-1.01713922433091,2.60355046863977,-4.24522399816906,6.69014720355437,0.00683308093559631,-0.157782822747517,-4.00157399677757,-0.649934534424546,0.591338040461562,0.46135070651205,2.31468256685672,1.88988068597098,-0.427697394278098,2.39119269683716,-3.75248448676248,2.36237135306718,-1.92179886055193,-5.12299126807196,6.91056572948417,-2.2884359612977,-2.80255288454713,-1.44920855727951,-4.75274626346642,-1.27879064063179,3.33242657396209,4.80594386384011,2.05328353306015,1.27976247840508,-2.81906618780879,-2.57261812027636,0.395328297129524,-1.93743464251385,8.07531941670366,3.30717942285291,-1.07689591762134,-5.10572401941098,-3.2364723904958,3.17977893561006,-3.86730747015675,-4.26363400785506,0.582722980435754,-1.31599089969636,-1.57763337710036,3.55818036974209,-3.14086735233565,6.08524766704531,-1.23746422191758,-0.124493682451419,-3.75930616613033,-1.36898135579315,1.0478045269444,-0.90433005230696,-0.387938961750564,7.78993378534579,3.58650567616212,-5.93758342764685,1.49666172950711,-5.80789235100722,-3.48698008529085,-7.54171823764286,-1.27050507303272,-1.44567742817858,-4.0235157550682,2.16220992376358,-1.07831688832293,6.2365392023917,2.757565409773,-3.02557023870441,-6.9680583859872,-6.29709586892294,7.22751345225056,-7.16209356685477,-0.813479676363805,-3.11961127033486,-0.588173847694534,4.89734864882461,-4.75746638474491,6.16491709714086,-4.15434924126527,-8.26786807488984,-5.32744785571613,-2.03501097277348,-0.504763635190344,-1.91220016089483
"AJ218_3_RPMI",6.47753860113134,3.07690004431085,0.986600766584942,-6.79516272823845,4.66187275503315,0.613962856575487,4.1388975399279,1.35614770448062,0.103728893525542,2.97073017892733,2.7619803163558,7.5625910450306,1.56674780898844,1.33795696710332,3.06661845137525,5.21550450593153,6.3324072188558,3.79183035401821,4.63589189783853,3.57707134668018,2.25326541838051,2.80160790440335,2.48502888836644,6.46769957540157,0.391888046979783,-0.52527308249946,3.70691622492016,-0.689553168419373,6.41524538916174,2.6039008690209,-3.10109811770272,0.583026864137402,1.43320939350011,1.77781344163151,-3.33652627367462,6.79165106472774,-1.13950447893559,-2.17403746290667,-1.48366016346958,2.78300568316095,5.02049151995444,2.26512360653505,-0.687143494831531,0.848379055077292,0.37036557001915,-3.61585234218968,6.47135294388399,-0.898766501829478,-1.52471523173235,-6.5379491006093,-4.98283719176645,2.47386647473455,0.212765518676029,-2.48583017396778,-2.06457554189513,-1.42939025014915,2.17145235324682,-5.01431256161532,6.8057349430322,-0.475902427980309,-0.825027538854258,-5.02529278859597,0.158372058411917,1.02257382192945,-1.04433080452344,0.119503533911494,1.62876578718537,-0.284854400353179,3.31026011224087,-3.46247684050276,1.78407191159661,-1.39069274328201,-4.63966136317505,6.81925288495959,-2.0862577421888,-2.9760909645846,-2.22678261791397,-3.38927352965926,-2.15612584044167,2.26955770242289,5.25789077643043,1.76481812441261,0.465914422931583,-1.73349839089012,-3.38734048554574,0.190629333228731,-2.08900416418876,8.06706615410335,3.35144302704047,-1.11840219298745,-7.06326331082606,-2.9699063888108,3.26960300835685,-4.18670083807589,-5.38920905310941,1.11186739176355,-2.47275632016858,-1.37235097855291,1.59654030127951,-3.61441963825503,5.98222527294617,0.775670915080639,-0.442369149694205,-6.78359115608441,-1.17154024998045,0.854283227800245,-1.29009682824577,-0.732312430564324,7.64915529461243,3.95112602351465,-0.0455115983127357,2.14877624983719,-6.2605009002248,-3.3978098289551,-11.7514107503353,-0.543257097943389,-3.21339304111452,-4.44575131799607,0.79622806658244,-2.97289873206659,6.16249714668087,3.62632161377742,-3.56675414672554,-6.33504785358985,-5.54109752869146,7.17776656562692,-9.07400200084951,-1.73652958124893,-5.40528815043511,-1.50734428614044,3.9974195208323,-4.95279600671251,5.92437768513564,-3.01724906780957,-10.031518669528,-5.26949263206331,-1.59987183382002,-1.29516204210645,-1.86858679022011
"AJ218_3_SERA",5.83162293472274,3.15193139633627,-1.08606850614014,-8.53637054734322,5.54195495539484,-0.0474234366648592,4.73273541888781,2.46808771415206,1.92831847712828,4.29203122832541,4.33823118292218,9.50352034043883,1.68292185827385,1.75677520578443,4.21946986429913,6.86763087235388,7.25453067979872,4.12708600141915,2.02063326144483,3.72587230090375,3.07246270086482,2.56008522758638,2.70958914553012,5.77757532336599,-0.181557190676191,-2.68231205338372,2.9771122714776,1.09436236193296,5.65516353376266,2.11470940177656,-1.75201908072199,1.71019239719494,-3.42439289511018,3.39126453539264,-3.1672905875667,8.45302307942241,-0.544469347101934,-4.27002666429665,-0.748673609907007,3.63155129313843,6.69113673247421,2.88308788771156,-0.983414079961431,0.73661734381978,1.62094654584547,-1.64710014650334,7.29497605308963,-1.51531407666309,-0.171081412297211,-4.56577772839488,-1.4083051658968,1.78250136556236,0.657668871506608,-1.74708080577536,-0.634173497191464,-0.0878673960994298,3.21942059131048,-3.15055908842387,7.85228465866802,-0.242726927666631,-0.394645551716131,-5.2986430413266,-2.34732426708211,1.01731165220607,-1.23309316940355,2.33019650882477,3.0729463636095,0.955845385966885,2.82904345740671,-2.94197246661245,3.10135966048363,0.0168581123850195,-8.07384412228305,8.27260005860987,-2.23172728715902,-2.01231477131188,-0.695828015105253,-2.16832817665075,-0.118584465586098,4.41578023606227,4.10789382761891,3.35887626127586,-0.144154554946674,-1.65966475125022,-1.72425642343177,1.4227414871601,-1.07107731784213,10.0994572911475,3.76381759726184,0.113522091451339,-5.29263430693931,-0.956683422110734,3.71357808051837,-2.83505726269594,-4.08938497317883,0.355006537191029,-0.969627292614231,-0.822720189746654,2.72112866167323,-2.76683201938866,5.44391804972414,-4.13649973013282,0.249242815575093,-1.83778891618158,-2.07861805826845,-0.93300704951643,-4.78274579803138,-0.872971486014967,9.61268360524807,3.16010418036768,1.01372479558517,0.342537226760266,-4.85528434558986,-2.10733455045733,-6.62418842613463,-0.13200001427971,-3.53992486064848,-3.40611416139187,1.49392729372843,-1.64825054462999,6.7009161747475,2.969929223627,-2.90598158729763,-4.49784034895555,-9.61816463850686,9.06926042757386,-7.86684375136359,-1.551006287042,-7.45896604365761,0.685863385887039,4.5130385465586,-4.52083476779719,7.04859079779851,-2.62626492573417,-11.8246155159743,-4.1554578878367,-1.81683350407703,0.186369764488363,-0.489596959725541
"AJ218_4_RPMI",6.85433127057893,3.27474681643743,1.9155604295797,-7.15001673040236,3.00452911858507,0.543643876311904,4.64180497851235,1.59824578330135,0.586026421835562,3.28931079896577,2.94982143878214,8.06352831188308,1.80173268612993,2.36257445581576,2.92247090884092,5.54700565450507,6.76796449179293,3.84073746540243,4.65919221708807,3.4550874199432,2.65331657614285,2.67027754587487,2.83359596600879,6.79538077323777,-1.92458908021384,-0.432328922566679,3.56670305116959,-0.646785289189928,6.7884895155237,2.75133005044685,-2.07348519134578,1.00891161773101,2.52676478048128,1.7465394639163,-2.84117984121793,7.15900164911575,-0.875919180132353,-1.94731525740739,-0.562709559757916,2.48394700502006,5.26019490682758,2.09244920128464,0.0244445029865758,1.41328091050484,1.21652333133966,-3.34651848197186,5.14646125748098,-0.475865528994724,-1.25063471342115,-6.39993021450271,-5.24152934985951,1.18767554632563,0.359238773631894,-2.31578193777414,-2.89548245053148,-1.3830391649119,-0.381843398802133,-5.15782646653852,7.21359365106195,-0.879748571026159,-1.33408561441759,-5.91705006944282,-0.624385367720642,1.64623043465622,0.283364222359317,0.76166888010366,2.20038102605483,-0.201610689568181,3.95201727100159,-3.4928971375311,1.62179625819916,-1.41009598103863,-5.5726631871599,7.08933009695759,-3.708340908068,-2.81805827037773,-1.74522877715024,-5.23008437545395,-1.56146394568588,3.10073710866406,5.90425052229209,1.90483879802732,1.02843719634593,-1.05816528022776,-2.71891136611242,0.667110357097737,-2.19334872858167,8.53742982272293,3.91034762444323,-0.890468953315015,-7.36822135477537,-2.93933325247339,3.8595927913344,-4.13645060112306,-4.55867766663354,1.07005622674096,-6.20434930251606,-0.933746223451052,1.60594380642634,-3.56126474719873,6.00702982382507,1.55856879827085,-0.589741032501475,-12.3392422878036,-0.850839144125125,1.0848245661115,-0.263115009127258,-0.463919140757081,8.09683096094305,3.79738721220399,0.123678204414514,2.2924635737045,-6.28494631048847,-2.95311851752678,-9.67627727508118,-0.0244445029865758,-2.64122169944892,-4.22834380541011,1.54076148932591,-2.18968760204571,6.68506668586381,4.21858580557624,-3.83216845453516,-5.95842050386268,-7.30548559942741,7.64736266542249,-7.58273650724176,-2.38540968382186,-4.33038928124964,-0.665491548365544,2.90616974144474,-4.0676377845335,5.9250141155748,-2.97232404172081,-12.4767458115535,-6.24025319317224,-1.38115099221461,-0.910882115099316,-1.5296596755866
"AJ218_4_SERA",6.55020899068549,3.32980014629669,-1.2556397294134,-9.01157298341566,5.81968775216896,-0.276496187355587,4.14990801275117,2.42944310976995,0.897266043555517,4.02059591227105,4.23740388591232,8.75727825312667,1.99671640823707,2.05223627919234,3.85793143937405,5.8227707430511,6.94797745227047,3.35036418625129,3.54042185948768,4.21068909227222,2.47846534305908,2.82049249057657,3.01027244334303,6.01420762217038,0.326169807493027,-1.2717313859211,3.42647356058154,0.324462992787854,6.37280667429024,2.28024609558698,-2.05275825356842,1.69943048664374,-3.09558564670646,2.94565364613635,-3.55401571981185,7.99823633790579,-0.654816100365784,-3.3892564897422,-0.83457379362029,3.68740749740164,6.16164766555553,2.73400263411576,-0.721498604427341,-0.3344052526616,0.361606646344594,-2.83971795487495,7.4691737889646,-1.26763079924542,-0.520999953416997,-5.80164991404143,-2.32633868173799,2.40042606920378,1.11052213667229,-1.66273819589868,-0.283099202859614,-0.0313075306673731,3.30482101485708,-3.15764345135986,7.77497574459062,-0.322648625982001,0.038111576828598,-3.95563724217452,-1.40272812259793,0.583156316166001,-1.52271654106751,1.36575516384126,2.23812593519225,0.827886955758299,2.92907229063843,-3.69007950068428,2.78716718203879,-1.15261833293476,-5.77098277779449,8.0164226954568,-2.08261767508314,-1.96770568350468,-1.66770500032324,-3.4231744164163,-0.587330793240662,3.59779213595694,5.06194554834935,3.25247701536463,2.04812575033453,-1.67851368732574,-2.59942403559763,1.29688256084967,-1.44194610200408,9.34063485299767,3.6829265113504,-0.137999161298858,-5.10874386858574,-1.70186379434096,3.60612266308582,-3.69356111936558,-4.11165194262198,0.103564704445652,-0.667223593820502,3.31431321805124,1.79566553750902,-2.8244892658953,5.98758308507296,-0.919293445387211,0.164795454360945,-2.82020155354481,-1.60289794884769,-0.680872045286611,-4.30879529386668,-0.734528352442747,8.90991372101536,3.07278718347674,-0.0132544364599632,1.59726074682709,-4.07599963310306,-2.6315162044554,-7.56324517471635,-1.36013219841294,-3.8365871572968,-4.32153292576272,0.740817739547239,-2.24091904008556,6.56774774695087,2.96082729067622,-1.27108101059582,-6.47522042691913,-6.86305045870557,8.45554266904266,-6.79042265861817,-0.841478466649965,-9.1577937242667,0.0120143874255412,4.93632080927549,-4.56922898686535,6.7328328279375,-6.33812554077025,-8.84745360365455,-4.29319485037462,-1.80211961778671,-0.777837817139334,-0.293839338995054
"AJ218_5_RPMI",6.242999033988,3.36220278035065,1.21890084504562,-6.85574825725975,3.36602528529325,0.646186027204969,5.52410626217602,0.817318528729096,-0.0807779141858429,-1.30433661431548,3.49402694825919,7.25171106529425,2.04027926439102,1.26895045060547,2.70673285200805,5.22284597079076,6.26778109481677,2.65551397478198,5.77622584505952,4.19238746104548,2.39282410423442,2.86191992255164,3.10031548271899,6.19442081260817,-0.468237191612633,0.272195555281076,3.57092898088115,-1.10273488638762,6.19791887177888,2.08167663079006,-1.07401000426157,1.47401649299874,2.72134763867855,2.00572988200021,-3.23593561610684,6.36768701326829,-1.20963311891877,-1.60041625202454,-1.52115934097734,3.05857676456104,4.76021043460055,2.30504152448725,0.067026676680765,0.716969547361135,1.07452574402281,-4.08700913896867,5.37529545356438,0.204951388067158,-1.72010507553534,-6.22268063184291,-4.29730387339787,1.18975904046004,0.906762213944066,-2.6321080938539,-3.15032131798258,-2.58915433628608,-0.893442529507684,-5.38187656273303,6.60093878040809,-0.748488931588732,-0.733444141249933,-3.89762311466988,0.791341693453763,1.30009060591667,0.275795829660602,-0.276851031917008,1.83711705569008,-0.574521640675421,3.94486510052494,-3.51319546671866,2.06059705100355,-1.85968882018607,-4.97952247397117,6.42386142637825,-4.13855002085729,-3.22548050665394,-2.0683797044464,-1.31339446081117,-2.81680287733094,3.22854509364758,6.05705422634487,2.45795445786392,0.885901735981513,-0.941714767553647,-2.6759964550504,-0.0244769314881843,-2.3458739660369,7.70271147529486,4.66464260016489,-0.719033676561875,-6.59933932824099,-3.10299231021125,4.59167816820171,-4.20338989982895,-5.23665396329507,1.2432533302331,-6.83263316693507,-0.885504960953213,1.8965455907456,-2.90764198163868,6.26983075678403,1.10581182536365,-0.494108910295672,-15.7775891943342,-1.03996333789923,1.20220997960669,-0.08643637937028,0.514339067781011,7.43192619527206,3.78388895133181,-7.97453440971026,2.88698482325091,-6.1461089558949,-3.19509434608672,-7.08062166809995,-0.720598750669637,-1.33312426081891,-5.01783968512038,0.926456273903909,-1.59196522417027,6.27046396311266,3.82354984635337,-4.00060792132015,-6.14096457379059,-6.00307664620585,6.76730694598914,-6.77711964346243,-1.52094304551187,-3.61530277740815,-0.534198237670044,2.50866472515066,-4.54257223413273,5.53004392590489,-2.15127174757339,-7.16594956853222,-5.97830757281232,-0.152841326571526,-0.991923879648866,-1.99032891571825
"AJ218_5_SERA",5.73610585117411,2.98292786175326,-1.00027832448522,-6.55023792727659,4.5863206403053,-0.421434765593389,5.35171974061674,1.46375904670284,1.26293748826981,3.21782600841712,4.18327061624079,7.82966057409351,1.43571252844413,3.39897958166014,4.09147522698528,5.48137811292038,6.7967819318069,3.55031898110794,3.70735247639545,4.1398798532724,2.07942000322432,2.75546474461209,2.90413725124844,5.81200106060582,-0.102841475590946,-0.448585437132795,3.09764632074576,-8.0058864121213e-05,5.54412525963529,2.20388353610071,-0.735843933216334,1.72625293117585,-3.31564763119722,3.31761754686413,-3.25644907628521,6.985016503555,-1.20886257372643,-4.27374937327027,-1.15960580660099,3.47069524472319,5.72900569849172,2.60931607033928,-0.647223062033465,-0.245191427060078,0.672097072980801,-2.11762260805641,6.66803524308166,-1.1868245175824,0.170837555480116,-5.63408784022738,-1.08437339914695,1.18654343283085,0.853961021664759,-1.80872419476871,-0.635082165603837,-0.870894012579027,2.78742152447929,-3.09210609253809,6.89097280032581,-0.52737550420699,-0.709733541369431,-3.83595838338278,-1.73512033554591,0.336794792912549,-0.837388176362246,2.02127525798746,2.27532495015097,0.723713504382452,3.15427640501656,-3.99438774598726,3.68769706669823,1.65591406973164,-6.1373456998293,7.15839339888592,-2.12133338184067,-2.31682479902637,-1.59341627321179,-2.29215437443541,-1.24760635843233,3.18170473709581,5.06182452651932,3.1230204724619,1.88204852918974,-2.31717468065748,-2.76308245349109,0.945836794993028,-1.13979655128464,8.37030553841018,4.70806734185166,0.211204635389258,-4.68868855278618,-0.889785460487271,4.64642843812012,-2.2592582839686,-4.58056596687886,8.00588641176603e-05,-2.77425390668601,-1.2133462311226,2.07215480908186,-2.55946733605288,6.1701868655727,-1.72593559605495,-0.00550404673573368,-2.6740159565808,-2.95684449199736,-1.08952392017752,-16.5296631226081,-0.484354899030363,8.11291209468926,2.09599578453837,0.330096096820075,2.27864279569041,-4.63863893245857,-3.01236282031796,-8.56966119053998,-1.31845923654908,-2.5987410254828,-3.58467660231503,0.383471724012139,-4.22631045268173,6.29215094577608,2.17674689291889,-3.14130942708515,-5.76189247383136,-8.00414231351299,7.44570715256857,-8.40295864976487,0.131305833848705,-8.01199373447425,-0.72064868744943,4.33915679521984,-4.82316710454688,6.09287191335414,-3.5616263862146,-9.38500487977618,-3.72250948343057,-0.787814340241045,0.515109850840009,-0.743163893347917
"AJ218_6_RPMI",5.58399533234888,3.54333323834315,2.03685219468717,-5.46385072305902,2.02367379686087,1.20922479844192,4.70718973259853,1.05187242544314,-1.13932870824342,2.18380743061908,4.09255618932646,6.41630492288056,1.68590240460833,4.43286993765803,2.64353805737701,4.28414035475504,5.5576562892184,3.17598361115933,4.70000218729794,4.00003674168926,2.13522355695429,3.15160789096481,3.03788260783322,5.63894682235761,0.0102113662065229,0.868043514491614,3.65919762293099,-1.2419192345705,5.54210072689976,2.13975259297937,-1.08650035804079,1.28212518191331,2.64464243535839,2.83656983143851,-3.59875675548074,5.77210797871406,-1.48700421621237,-1.69073589257029,-2.15368004051382,3.41274359586167,4.26884989230726,2.34962140122652,-0.0378860939503127,0.775924919701552,-0.0102113662065229,-2.89799704528557,5.27188292751893,-0.343363741182372,-1.30325169831616,-6.73244136018104,-3.74492448459738,1.47260873757801,0.174986559596764,-1.79669615629233,-3.23903036089033,-4.72653567301266,0.155771657739756,-4.64974726261919,5.75049707852776,-0.678192834187421,-1.82333425491928,-4.25603543358222,0.422280281994798,1.64514969423765,-0.763993568889614,-0.610828042696994,1.53514246248897,0.317448880151694,3.67758780710368,-2.88597974850719,3.59649867026144,-1.51878592679764,-6.0251203387121,5.91329301226736,-4.01168925933403,-2.8121497570377,-3.74188246162544,-3.29222040813105,-4.62246910745854,2.21679056038231,6.09832617500026,2.99919643461612,0.340852775718275,-2.56299259491941,-3.78840066938841,0.622524869475868,-2.45999000817253,6.99006775621796,4.32183761392331,0.683804034924695,-6.25105775742783,-2.71306104746485,4.23497482877072,-3.64811048844089,-3.327879824674,1.69482464883698,-5.87931486585447,-1.9328889865093,0.364570120067881,-2.81922689275846,6.13672825674906,1.26426389302432,-0.49908717981873,-13.1000488262187,-1.20051974100034,1.09008109053241,-0.214072140478525,0.376340835299366,6.94070686580374,3.9588268891196,-9.22750973540092,3.47143915801361,-4.61564054205016,-3.65439489928849,-8.13087395235581,-0.69383600353892,-1.86864232539126,-5.44920825599437,1.8451488845164,-1.54934447366653,5.4426231188136,2.04799951498759,-1.39775516574309,-5.33011377576772,-4.93884282774587,6.02198773299775,-8.33030819596084,-0.141124402241934,-3.55292747397531,-1.8360633933327,2.55637398314428,-4.2623281480348,5.51935275440636,-0.780700461485868,-6.305824108599,-4.62556745012406,-0.0250342839215136,-0.77359042335717,-4.34718961830362
"AJ218_6_SERA",5.98594310162209,4.17035455792566,0.804359856341261,-10.3177589795995,4.39211044402855,-0.460438320180614,4.27013089478057,1.92323241809943,0.581852346013994,3.82727142562224,5.54306426354523,8.51399029002419,1.61492094583442,4.77712762090158,2.80028430595737,6.13586181568213,6.71286608774165,3.07497930018275,3.09844929817747,3.73012825644883,2.21034050528012,2.40035746570716,3.00548090184607,5.62156738974299,-0.14061253060915,-1.80514026492534,3.08326479790076,0.0462857047165883,5.78642938990889,2.83471688029236,-0.715555862052968,1.67957519320705,-4.11607141577236,3.82387797530803,-2.92802578247843,7.84157145785567,-0.695732240241497,-2.67885200579647,-0.904478827605715,4.74429929037419,5.85386125919403,2.41403079773552,-0.3546451626456,-0.252905502314359,-0.750375856948036,-1.17540709241679,7.64582244886012,-1.59315168768149,0.404405235368746,-7.05020265940695,-1.19704175733872,1.3745519853528,1.31159140216307,-1.40901679651853,-0.743515396034912,-1.75822003478646,3.89747064614846,-2.22579836769574,7.02127734507665,0.0404556545402706,-1.1792241650836,-4.15719679616664,-2.0151669994397,0.633875038078735,-1.60135057094123,-0.053316379372859,2.08476764626708,1.27309078335158,3.2346370686921,-3.59694080800985,3.81797336309075,0.192463264869424,-8.5592163068948,7.83727574443818,-2.32573247073036,-1.88444507229369,-1.25987849722131,-1.80557323039084,-2.28622298887449,3.34541222099876,4.36939571704576,4.51929662790304,2.94913984619032,-1.38990574039017,-4.9165287644427,1.97327764722063,-2.40634646963222,9.15778352840935,2.52354417204407,1.4569209139298,-5.3326578559788,-0.841109860063606,2.34224607362302,-3.54939335478574,-2.96612387442421,0.138328153833488,-5.70668363855918,3.11137006508545,1.88904632643463,-2.83515819650798,6.36185592943397,-2.93239886381096,-0.040455654540267,-1.27857700929563,-4.50969841065037,0.722108394445605,-6.7881947175374,-0.574042585136636,8.85388371548679,2.87682080684912,0.236882432146704,1.16103833820293,-4.27786344524207,-3.12874682526887,-7.21756469154686,-1.5741695003512,-3.37267597234064,-3.65974318284877,0.455120462162679,-6.8655318455515,6.4178191398117,2.36232954571531,-1.87504266193259,-5.01974350465643,-6.36420032448966,8.23974155370203,-9.24079699778458,-0.557407185508169,-10.7796630839163,-0.0914127747831017,5.22366794750979,-5.13689613167226,7.24602435502852,-4.10830561397051,-8.28841501801732,-4.00998115169599,-0.6669285323889,-0.338774333228862,-0.461049251230286
"KPC2_1_RPMI",5.3235961123138,1.62027159308336,1.32416676552953,-8.25311639533862,3.49775011682269,-0.540391641362095,3.79746136406615,0.863318813932242,3.61359516080102,2.62350158765344,2.13017035675489,7.18726272297489,1.4356846760424,-0.567000862478245,2.47167272343339,6.04258305740899,6.04827013057695,3.22327787458235,2.0123903819585,3.03241797054119,3.68679986739516,2.76627819579693,2.12674766103481,5.37063222591956,-1.93093010446771,-4.38704676376694,2.82572989748392,2.40116614824647,5.15352822819951,2.31294071974404,-5.37607495352583,1.0112958656883,2.18000352226733,0.350903894633287,-2.73952837554008,6.5526712882351,-1.77194246359555,-4.51813462073571,-1.93043050153734,3.78231783101199,5.72397448730534,2.03470846339318,-0.911133112505016,1.58230900964315,2.53429120006613,-4.49391626866887,2.90146817239832,-1.63474615358462,-1.81879249676689,-5.6767311131141,-6.38034449458998,-0.0401306341899605,-0.0449220311295768,-4.35174501742834,-2.35890913539488,1.25564753635355,-0.493833223203662,-6.77030983561859,5.6320118035086,1.24960656235694,-2.03860208790924,-5.43987136286476,-1.20555040253886,1.50299458339788,1.94215038221876,6.21036146211554,2.96971670490774,-2.10323788455236,3.05103465833224,-4.85317175963728,0.930280035084333,-3.63997133343526,-6.70505002472927,6.36078291318244,-4.54664071552013,-3.49517176017087,-1.31831554791845,-4.57343152292182,1.13249098845747,5.47475519047356,4.51717030164449,1.08796726402274,1.29225832856509,-1.73354188003785,-1.60892039594597,-0.427572218637724,-1.98965689302044,7.59718158648486,2.76841340397938,-2.51482283367898,-4.78896731575323,-5.53024656566136,2.70688988553514,-5.16545757568128,-5.53307557848362,0.0895629117573087,-7.88773548592439,-0.218587437085311,3.89158320080695,-3.13837621963661,5.24766529565087,0.0401306341899605,-0.74147876376216,-13.9070029502506,-1.62885742845885,0.104608286770354,-0.642734253128804,-1.81712675744654,7.20957142284756,1.35708414919785,2.07991342365194,-1.62900604290918,-6.448906365787,-2.84315327686313,-8.72132076313272,-0.211994740462913,0.197601517036691,-4.77180074685733,3.23021464528062,-0.523628304340395,5.68707252723526,2.80703129767679,-4.9110057909388,-7.00880584897539,-8.31437208383105,6.76433562808956,-4.373492117045,-0.338807266774511,-2.55171588396321,1.07535332046676,3.05329080809572,-3.6578343612898,4.97972524580918,-2.42645929646124,-10.4536844553399,-6.3190728381382,-2.95302649714805,-0.394299805145437,-0.806447805528702
"KPC2_1_SERA",5.78166998882081,3.44775630593864,1.24962940518201,-6.45134982123668,3.94067625790554,-0.135099367416672,5.09184279803915,1.22405612801343,2.94161545439558,2.56101117942977,5.09749545033607,6.86658477206875,1.55764370531848,4.48721219090707,3.26354950517592,4.12423918313948,5.98442261677949,3.40289202702611,4.12008062840535,3.93705859610271,2.55986491760923,2.96790737951459,3.27185799417586,5.38140348060316,0.930886210132328,-0.710582855007313,2.81249547942253,-0.238341337833361,5.70574408689824,2.10788370850294,-1.0146979765491,1.33161728054206,-2.72900281627982,3.60161347126315,-3.18421819983064,6.38981254271726,-0.662626850863781,-3.88828473063165,-1.57459148935587,4.24399880063502,5.38530328067063,2.78580793122808,-0.280835817750852,-0.27539831485268,0.658955764946203,-2.68670095548143,6.09906803640363,-0.963910006047513,-0.630162501079607,-5.85001424976585,-1.63615504137467,1.61058119392861,0.508759363380147,-1.83692142958506,-1.95915153569324,-1.46235096073267,3.71338603772045,-2.79251111469499,5.81511934769343,-0.353866989523638,-1.59202117074788,-2.83583155205238,-1.0949733469227,1.12958958855358,-0.763448452224885,2.68484053513336,1.3511053604618,0.354553384276919,3.44460704875924,-2.85080548100535,4.16580138862669,-1.60245011879793,-5.32691759770507,6.480263757376,-1.48178475144211,-2.48656713024157,0.86409319334129,-1.95801958445304,-1.69978915726656,4.15796021812341,5.22355058722126,3.95516785832679,2.16617197611822,-1.69971021630926,-2.67817291118283,0.943995233249162,-2.01636344766719,7.49655571821834,1.99660841412224,1.50578066860662,-4.35338017161932,-1.63323145789931,1.89997985033061,-2.31118085054608,-3.2371159232874,0.396600112354175,-1.89390036671301,-1.05341189213505,4.94420005905626,-0.961647289959565,6.51368466504508,-1.00189829647437,0.118446988505298,-1.62832672244321,-1.7824506839517,0.765839836493917,-4.77989341231845,-0.398237164293228,7.38547683337046,2.11936773816607,-10.1309935751057,2.0491377252793,-4.45348970318078,-4.34508622772973,-7.71721478904406,-1.73922878532868,2.73333025906856,-4.72494846317508,-0.182022007923745,-7.98285402078526,5.77928044614758,1.51928520563482,-2.69569319021316,-5.25766869654176,-5.85416224571271,6.6426792941167,-5.76316743137011,-0.744632024607526,-10.0526379374043,0.163190801713483,6.0463256696282,-3.90259246918465,6.06717199593668,-0.118446988505294,-6.14631238441178,-3.77009036098802,-0.796860634081092,-0.661143557644806,-1.21153402244553
"KPC2_2_RPMI",4.62921728892264,1.57745480840148,0.232041667684509,-6.91523539887656,2.15407459068057,0.157558016238525,4.1875936848485,-0.0102933485278704,2.73063585235752,1.76652246822983,1.62518812925662,5.83363779584645,1.37001287371281,1.99626653175924,2.44121928810617,4.68657063638177,4.9667214082934,2.39836063193597,3.29062967995188,3.21827293963431,2.68376573428062,2.48324859905298,2.59614891657537,4.79467908416182,-1.69723719399606,-1.26898300431819,2.58901441337708,1.27613372221883,4.54941289239622,1.50287303164417,-4.8657709670412,0.339268618964436,3.27469071005675,0.500863930807494,-2.6588749775546,5.34300075120973,-2.24566348822564,-3.01927983515306,-2.92983227202788,3.93191915089776,4.42969038983447,1.73453640989342,-0.572361209048431,1.18941677934363,2.62797450870398,-4.40118847884425,4.62830093299706,-1.34316722697183,-2.25147675383105,-5.65651562855599,-5.64456721724715,-1.30472991647877,-0.0890192969843397,-3.73548635129173,-3.85050805272381,-0.226395266903436,0.0102933485278704,-5.93879345801997,4.83858231048149,-0.198886274336516,-2.24160640335608,-5.92351573076056,-1.42066982487798,1.22389221018595,2.44296321581655,5.14118079018204,2.21537126838538,-2.29181401678025,3.41994250597465,-5.13356370440845,1.45632365926004,-3.41383699593225,-7.25434526200917,5.30306790872003,-4.44130636913787,-4.03520881232051,-1.90738803717984,-7.30944958167845,-0.38187464260465,4.65341696728272,4.32559986264209,0.592084635489458,0.49547738662428,-1.90210544853308,-1.17121969342179,-0.350847970108759,-2.0586395448006,6.3279430259997,2.08632683706126,-2.03863257045809,-4.73800172055653,-5.08316171492326,1.98471597502231,-4.72588255469839,-5.91130133700826,0.606350209627823,-7.10260159574695,-0.187886269772214,3.59997373333713,-3.49174685349204,5.31117181634878,-0.794654573067128,-1.03712518916663,-19.0366609906477,-1.180423933181,0.126126147651139,0.41668936391023,-1.32358034181356,6.26004172394005,0.648194333365602,1.76027137332708,1.32659792498095,-6.16944661243085,-4.10735634252611,-9.18647415300197,-1.04067491163069,0.931795345427162,-4.58951317531083,2.49229652233908,-1.34458814530744,4.8145320083435,2.38690241550252,-4.96059699301005,-7.46411865144278,-7.86527566585231,5.58685917517402,-5.10429242831844,-1.19976824285503,-3.44355197577728,0.217807145788214,2.15506916484402,-4.22704356915137,4.35809462430919,-1.66542035263541,-7.65565888109681,-6.3283674007214,-2.61048907223445,-1.25683264762167,-1.21558654931514
"KPC2_2_SERA",4.60861265317508,2.20505248463281,0.490617286746666,-11.3086232678702,4.61588771510343,-0.897342569424113,4.52019268719814,1.97234287709449,4.26352440590938,3.43096961654402,3.2355248469167,8.37272613612177,0.62588490066851,0.0347958198059146,3.75014361624196,6.82743307416145,6.97082954106229,4.68556713144477,0.55941080518042,2.95005903888476,3.25226938650332,3.03393960153736,2.7697874236083,4.91541036548716,-0.843485745820113,-3.60507072121906,1.64502229446636,1.80243441827393,4.42514775113488,1.62998950386804,-2.09913458405232,0.781800829258859,-2.60261532537433,2.34521971417595,-3.7551299828328,7.71007336909809,-0.0643370018646756,-5.65352037292075,-2.08130380746583,2.5526561307572,6.18308450892805,2.69072701984421,-2.56661901035156,0.620029199563881,2.65189944893254,-2.98846041762807,6.72547564844929,-2.06838499704321,-0.389770830545018,-4.66079989913179,-2.39873018410017,0.960287361915519,-0.212376007770107,-2.5982160994146,-1.96590441016115,1.71956991182036,3.22583557490037,-3.55441351916951,6.39571475924177,-0.148231137185384,-1.77551928735608,-6.25790707423671,-2.86285866621848,0.0246374321245248,-0.0246374321245284,6.95617394120988,2.78614411315995,-0.145000935562223,1.31839177269488,-4.36407033754913,2.02923492746196,-1.09154361312355,-6.43629411826864,7.47207802832467,-1.60896280742577,-2.79790209296533,-0.690011672257327,-3.87520413772371,1.57701508618688,4.32170445461608,2.75599137462381,2.22600358963599,0.438055343343628,-2.19495686810074,-1.04375575819487,1.17002546627049,-1.44558171857151,9.05496554394867,2.21053398688479,-0.289344792635433,-4.48733453998423,-1.8271162941501,2.18198602792869,-3.04081880923222,-4.99797755961984,-0.302195546723745,-1.53199951942264,-0.59830345341789,3.6701694298244,-0.49278752562557,5.57903730409616,-3.85430907153058,0.145310861020295,-1.94157260370188,-4.66121698356398,-1.07335476684538,-17.4171477246484,-0.998939265406799,8.80782180777221,0.904599845954614,1.88130645683823,-0.385500361245636,-5.65601207481973,-2.70725617732475,-7.96387709063776,-0.363317273832315,-0.3977198820028,-4.91655477875455,0.910084733315369,-2.95419819390248,6.19803747139063,2.4650579677602,-3.68042870588073,-6.91829851811666,-9.09973511088351,8.18461374257942,-6.6934867802384,-0.55090279458183,-8.31123921607722,0.642434391143791,5.10726796982107,-4.37087631804926,6.25870348756625,-8.600164101393,-9.37822873535608,-4.70655650614162,-2.78602752280112,-0.46051066068001,0.345771688233809
"KPC2_3_RPMI",4.73227963284911,2.28988526765541,0.550207950469872,-6.66988639323303,2.01610091749923,0.265279241580199,4.44590124145888,0.320923428174503,3.06018245933587,1.25832871035191,2.84646035102696,5.6896567471819,1.38493474003002,3.66426427673119,2.31999213516881,3.26577533026207,4.86853366437234,1.51727825085185,4.28366866336846,3.91311927500692,2.36411768980993,2.53923139344445,2.80231680253799,4.88269396266758,-0.52898260796265,-0.441858003468671,2.4795446921338,0.240484583752693,4.68260479771625,0.125887031239863,-3.40089807585205,0.504505352277164,3.53770011052461,1.49413849710793,-3.48039062140919,5.19330551433783,-1.8715009440502,-2.48334725065193,-2.87355837371065,2.23313744027866,3.8394650055727,2.07036559019262,0.355106279079251,0.907015269008749,1.67888067486372,-4.06263037215425,4.71957892657113,-0.697616844745866,-2.03826714926117,-5.57636526116689,-4.74486945814311,-0.761314847112359,0.196263765773558,-3.35104718751454,-4.60211850955324,-1.35381557660809,0.313387629558921,-5.50461591190977,4.8827665475563,-0.428362423278379,-2.7923531759925,-5.17265787328748,-0.313489674632983,1.69993482061168,1.58616535439168,2.80969474491419,2.11690341264968,-1.6193594557063,4.15972809453885,-4.77083606021331,2.4773188204067,-2.38007335205108,-6.28961930271803,5.17061233972268,-3.38104864805029,-3.83620829055292,0.900656125078413,-2.53367717078935,-1.57078831978237,4.51162559465142,5.43290592149364,1.79183048493951,-0.495236860365988,-0.984738035909244,-1.92735886163824,-0.394813693068826,-2.54582991408215,6.24797249956066,1.81445534141882,-0.701201139936796,-4.83523274823987,-3.73885792885214,1.6667207453583,-2.74008723244432,-5.08825613168713,0.813851651336272,-5.50359445736626,-0.607187398196711,4.84027014259325,-2.71737814857616,5.45567213184163,-1.35156196221184,-0.773187404727814,-13.6564446583582,-0.0386279069179984,0.0434312409380624,0.64876671494417,-0.731718186580153,6.26054634913005,1.53151953843068,-9.55440287999989,2.18413252404207,-5.62021173787509,-4.91742902722542,-8.01862094167752,-1.4779566838065,2.92898074373848,-6.28886491948193,2.49197262570005,-1.10352163381623,4.80539080773978,2.36518710489479,-3.9413468234963,-6.46839843838744,-7.58139843716248,5.46904036920533,-5.39482320469926,-2.3676500826137,-2.85327175820344,0.0386279069179949,2.54831819515933,-3.90147306870649,4.86662240200837,-1.77268332056475,-6.99802766349193,-5.72124780389254,-1.24930109709696,-1.18975013265316,-2.61415686070807
"KPC2_3_SERA",5.55042790233396,3.20950449225298,0.58273912927368,-7.80760250196701,3.73918901605417,-0.28789917909921,5.57124486370113,1.03273997130414,4.26427233101296,2.38944826161266,4.59499387895151,7.1036569793646,1.5237794966001,4.0855290396079,3.38990693251209,4.54624791423416,6.20079803201626,3.31604720369486,3.12465127061157,3.57074129407105,2.28356321432481,2.65092443676761,3.28035219665677,5.29709106207221,0.10215452424616,-1.0337780042087,1.61614250332451,0.375365243018518,5.37410690516731,1.30895995666717,-0.830775311277328,1.18565690052617,-3.17885851314882,3.90691905341559,-3.17335221380643,6.52878683999179,-0.617765606719157,-3.0404926380357,-1.27413584910455,3.74871158817887,5.04048581582666,3.06520749580626,-0.29173863681434,-0.290669638571657,1.5204504436157,-2.63206826571198,6.33547813848911,-1.27955127014172,-0.390051960391329,-5.69517655379633,-0.849639418470019,0.602220990655841,0.631358898290408,-1.57702379290368,-2.36150876735497,-0.3181790394486,3.84434368338396,-2.31462914542006,6.14580518796816,-0.251950616326511,-2.10433687531222,-4.09970055146019,-1.99251709094824,0.797103800474542,-0.219563248547033,4.57224353443709,1.53180549236932,0.773074422519585,3.23026745163956,-3.6904982692957,4.21828027630529,-1.27246468354759,-6.06219639490704,6.76136315991855,-2.16131085681043,-2.3759305785089,1.51308022076669,-2.02123020952002,-0.454358371674562,4.01940627458812,4.14102584977926,3.53252810897585,2.49873658408805,-1.58204960590918,-1.70904902182169,0.953499072732576,-1.70913663842811,7.76841874995645,3.60030594466038,0.956147957987874,-4.53881351103308,-1.11194481614754,3.50963577681401,-2.35730081215932,-3.19452316129852,0.154423362671004,-1.55916160342568,-0.927480165073518,5.15489347532591,-0.734366894632554,6.51225965981692,-3.46431002677409,0.363179026708156,-0.646346355098718,-2.76557542702621,-0.920352090073479,-4.21530412106952,-0.82920246366511,7.67642683036193,1.27675691870706,-9.38896725757956,1.85629905436814,-4.69316476513163,-4.36519046813507,-7.51907864709946,-1.81828921563719,2.32707217160727,-3.99293303301279,-0.155189414297656,-6.37845047321526,5.73051683243884,1.37740178115595,-2.6984951925741,-5.00316662585825,-8.1548164487085,6.96448860985027,-5.98514604799762,-1.70155511311198,-8.11415324951153,0.0634419664456516,5.58329252310337,-4.28151075958878,6.32974290499713,-0.743050904887941,-8.47693548993205,-3.44649657318469,-1.4621155773716,-0.257270433436585,-0.443557426585754
"KPC2_4_RPMI",4.99228877205413,1.4914927659696,0.484164062084908,-7.46038630889311,2.30086947383058,0.126845748513929,4.24079386059367,0.432574138248523,3.44696009207725,2.311994623492,2.00340405762882,6.95936672369329,1.48294533029089,-0.0216545947914,2.26001413410442,5.66262252355529,5.90724486281335,2.46791991030647,2.55282975784474,3.06870128466933,3.25886006466499,2.38305820422769,2.54532597162697,5.17173035769052,-2.34777204525054,-2.38820228693635,2.47336618595952,1.97865371579348,4.80979424327114,1.65549491545992,-7.49040631287029,0.678611828974386,3.61578251563447,-0.0915197829374357,-3.31584294042473,6.30464654153441,-2.0541487238482,-3.08398816088473,-2.60416262952336,3.66292582472938,4.96913180554727,1.81916309386384,-0.667028709445901,1.345680391309,2.52858067437625,-4.62987479224491,5.08367012081269,-1.12718873593232,-1.99667658674514,-5.29018624268574,-6.62525800531709,-0.958956532994172,0.416142678078295,-3.92370544350191,-3.35789741439141,0.125473129379305,0.265672744516362,-6.62962620173153,5.5096776621567,0.83533450959473,-2.8632290322074,-5.92898764201602,-1.32148980492201,1.72496965418209,2.39681506526984,6.11609858800841,2.81689026109206,-2.21444267549854,3.55458562518011,-4.75692979222348,0.10151548627568,-1.89878590647935,-7.15431959072831,6.1306723345012,-4.25475209328043,-3.7215032299092,-1.43853007441692,-4.53417283165167,-0.00713131596703675,5.6053307926361,4.36865677627044,0.982193860938818,-0.73269610383992,-1.83870756584238,-0.695502522056362,-0.708734752226096,-2.10050701481841,7.44778729873394,2.2951179693272,-2.20285746006369,-4.42851118674755,-5.60332031528087,2.1818335864912,-5.21426559880974,-5.76799500537116,0.67080662387886,-8.27883655004944,-0.156218346256143,4.15443665243258,-3.43755605436971,5.78268308903545,-0.41879494353493,-0.902794233735186,-15.3669232594353,-0.885298166426377,0.24905959796348,0.758420169614784,-1.55363054423009,7.08531690142615,0.507940875217322,-8.18467497954285,0.286990358923063,-6.94139879126661,-3.27057628522662,-8.37556815072365,-0.588643769528716,1.18395170087956,-5.26263285640181,2.69700429486871,-1.22454867872973,5.65203710289907,2.88239256667799,-3.90939149135789,-6.68889279261999,-7.63380821802986,6.63124246249313,-4.17263714621752,-1.03731027774923,-3.02228467054831,1.07943504044944,2.74146636837391,-3.8654665513837,4.54449979559288,-1.39579711451268,-10.6502550795023,-7.22406538502452,-3.2242718207799,-0.913671541475516,-1.09534565189671
"KPC2_4_SERA",4.025597314215,2.30033809495721,-0.36237271095062,-11.1354240350927,3.65507719514407,-1.79646712136087,5.09698176824207,1.10053398593199,4.08987470748622,2.71768130256543,3.76516098694961,7.3251750502268,0.351102200000501,3.33228009981706,4.2480967857333,5.55127804442387,6.11394199042692,4.00252343431166,1.66448519283034,2.34804969927827,2.34650790170218,2.08772396816597,2.64443226139653,4.36047996316402,-0.743362733468853,-2.06555517126816,1.01711336903298,0.694196089317174,3.83728770512843,2.22329200337906,-1.30991635148804,0.619092591311158,-3.95490900406256,3.0660060664118,-3.43950274052864,6.62008748213126,0.0475405678339733,-5.2912719071773,-1.74200635364876,3.25419604481866,5.36093877108742,2.25557346853477,-1.45386453882484,-0.771061585984128,2.43898999958788,-2.84325424955752,6.23093350370847,-2.57157447466685,-0.890951531475093,-5.77466048935914,-1.49230952259471,0.360245868168729,0.564472052603637,-2.28661047840408,-2.61646639701241,0.773044757370732,2.85256716580747,-2.77695690514047,5.59755935157277,-0.707228620037824,-2.63002554763036,-5.87578829567906,-3.53328571348099,0.20845776386281,0.355358136127993,6.51426972709406,1.580321330444,0.0933122656435152,1.98205179343673,-4.20895494023734,3.43062849348719,-2.05420760033045,-7.39060726838197,6.75110867657057,-3.00360623718164,-2.77557415873646,-0.596476867853756,-2.446738830389,0.474460139018806,4.22315901348345,3.03199530475895,2.69984007392591,2.32285309990216,-3.1051211877707,-1.58703239947334,0.608617931976315,-1.02279930704681,7.93513652131848,2.80057437238385,-0.225245506911534,-4.63829154215192,-1.39737465271989,2.66973518225626,-2.82888808503399,-4.29951791027615,-1.30777101969246,-2.19671015734008,-0.712084122195741,3.72781618106418,-1.29289022134458,6.00387637786669,-3.85929962981845,-0.407015729217431,-1.28472949393619,-6.37620329883728,-1.33079341045902,-8.32597825029101,-1.53266531789367,7.74701422215404,0.73211538830035,-7.68132832652656,0.71627150701509,-4.84823903132816,-3.45358810665318,-9.35020809030433,-1.79585659556724,0.84158160090454,-3.83837976302975,-0.0475405678339698,-4.01322013568714,5.32741823444727,1.38040210501116,-3.51196028569067,-6.09191786470265,-9.85359400881288,7.12108100564803,-6.21371900117317,-0.191883401451706,-9.62561889394027,0.272973063604457,5.61387999110783,-6.09458499541,6.15228692556183,-6.22828934929817,-8.964685560248,-4.12612825071672,-2.46787117930603,-1.34243560355043,-0.102045328170158
"KPC2_5_RPMI",4.70780761589474,2.31339618544035,0.0258991770880961,-7.43743036223881,2.3245110475143,-0.3674245750362,4.54862035522803,0.141668816698111,2.79027989034673,1.66054690418896,1.93981062445209,5.97907397791673,1.74945497334343,1.06883580750666,2.24557948313133,4.73927395593029,5.06744321088529,1.86372996537439,3.69473633498112,3.74303909947976,2.95248774976199,2.42995987215721,2.95471577329586,4.84327014849087,-1.36886629498222,-1.08605354666572,2.55263852684032,1.03195241451968,4.64209824926812,1.08335447749255,-4.84310204319988,0.769879315880544,3.54687879830417,0.293657129060541,-2.19375986650405,5.29386281802724,-2.10250568933404,-1.51754194035358,-2.9297005006421,2.9680805603983,4.44542101912967,2.15214633697647,-0.260587071819131,1.32034527719959,1.81221417951478,-4.49566687039109,4.67114806959649,-1.02089457321435,-2.59502305181186,-5.43248878126502,-5.91296837850914,-0.74814438315947,0.484357282960843,-3.50647747092759,-3.66611695304369,-0.779981460886313,-0.113056709777982,-5.91202296888102,4.99387966456891,0.990365697130954,-1.39337750831581,-4.8133276288445,-0.352066206882206,1.19224416519234,2.5503529648411,5.01307680116006,2.55190086724516,-2.1234175765206,3.94671310513253,-5.00167465412238,0.876357763182529,-2.41924257255074,-6.28802176585314,5.2396092128463,-4.58819542398168,-3.97637826239449,-1.75727284230267,-4.74954376701676,-0.98242140323276,4.78887114731996,4.78395929908901,0.900856520890811,-0.0258991770880996,-1.24239032296082,-1.20076936746402,-0.774778117826433,-2.16423336943667,6.42687618185673,2.88640835432411,-1.90986856907011,-4.56377904218655,-4.795104588293,2.81959821539303,-3.79865559329882,-6.06206135951808,0.114846827746003,-8.16786108964587,-0.373202378333804,3.64599080379346,-3.32621187802764,5.349305104535,-1.60577656795482,-0.649609191815831,-13.1741440672659,-0.447655926853219,1.0153229167088,0.663606628714362,-0.758555695637828,6.25335667042295,0.780659947732165,1.81421260954318,1.4947597914423,-6.40226733916069,-3.58990586638944,-7.63230117158661,-0.861839413469717,0.683330390560592,-4.52227059599599,1.7828381170417,-1.17420506763109,4.95795029002704,2.65032071249318,-5.46701633409066,-7.462741450768,-7.21903807209577,5.6111502260727,-4.50043526774873,-1.78170625050524,-3.11160040690166,0.487414485149483,3.25048839375238,-3.9212276152977,4.47334046426077,-1.7694276461172,-7.53206211276978,-7.1589860152677,-2.12110935507678,-1.22786466223628,-1.26658897140974
"KPC2_5_SERA",4.60420354720114,2.07850841397802,-0.148864082896438,-10.7221233835503,3.41708388368082,-0.946487724580781,5.65136230819281,1.18956720857639,3.65172732861899,2.89419815592261,4.29542336384228,7.51557230151661,0.856172408136441,2.65652179323179,4.17183522394741,5.90505347545754,6.52151079280924,4.09417992091154,2.29613578300671,3.27983383574677,2.59748968189889,2.60431538433185,3.32178880305073,5.00504541692264,-0.994780134446092,-1.84762266910986,1.76711563892013,1.21975640253359,4.41971913056788,1.97830583119736,-1.2071791080741,1.03343151079777,-1.83462763605518,3.24180430266697,-3.29008082090055,6.82296324702903,-0.377724813764164,-4.68729412822735,-2.22071580571405,3.31991748383572,5.57147953109411,2.74930620625319,-1.16923427271477,0.271472804218263,2.5967211183831,-2.92373366010596,6.58385362791666,-1.86048987274951,-0.855804409859395,-4.89818103767223,-1.20577251546263,0.636801275726771,0.60549108298807,-2.21521948454491,-2.33520687062714,-0.498851261122532,3.300353278326,-2.64514302408096,6.25494289149342,-0.653741638154088,-1.89957009960013,-5.01278901808993,-2.74658470266932,0.411197088335658,-0.0576212776245093,6.54896491421922,2.06752067027794,0.476729973816944,2.36939428385705,-3.95358925798583,3.33500098114292,-1.41827224406302,-6.61904358781662,7.03077179855654,-1.3215166195699,-2.59754655333614,-1.32658452984419,-2.21931348001075,-0.726244191258562,4.962435423779,2.95985363519964,3.22052867150638,2.98595920670671,-3.38188806193846,-1.13844413584737,0.932479132416958,-1.16404830170055,8.12663626904066,4.03162879685805,0.324468804500594,-4.34601234081216,-1.05187269475284,3.95248573288886,-2.31376090702968,-4.54541750479041,-0.53579094644082,-4.96782447224841,-0.613431989820178,3.86413750734356,-1.33531129783051,6.20253826544085,-4.03636349127062,0.0576212776245093,-1.3012542402734,-18.5486718708412,-0.879350787588688,-4.79535064289614,-1.22347165229604,8.02134316926982,0.594883238919,1.8632062900218,0.824288811569083,-4.94238233749565,-3.55799172425897,-8.1488599115155,-1.10969326214862,0.74491877028392,-3.74933965063303,0.905372335370149,-3.39952017639175,5.88363547293619,1.88019021817338,-3.44640906782993,-5.17051251105908,-8.71104393766978,7.30210440066854,-5.41120036748922,-0.175956780818723,-6.02633554992788,0.865028359693319,5.29923298384054,-4.56149669740538,6.50341772587111,-2.37782747563445,-9.08719242355503,-3.94325022842052,-2.1236363156939,1.06656441087437,-1.08529841391407
"KPC2_6_RPMI",4.80079015639975,2.59638500975293,1.21713294117652,-7.01629710050598,2.31822806837069,0.463946032385458,4.22081893109586,0.468601001946361,2.70109415715792,1.36158123019106,2.28782913596957,5.71053643149053,1.93547452009346,3.70202098090787,2.47995733586012,3.97598797145069,4.91074004136903,1.68407150155803,4.19672657960493,3.62647745970867,2.46655958021115,2.74009824038444,3.06104678826445,4.92841233521324,-0.332917745078326,-0.558825666457249,2.40004359486452,1.03194820607171,4.75158446500267,-0.0354532701206658,-3.61460696838739,0.806212600965274,3.31181024813525,1.58384823370561,-3.3773969394389,5.20057325063675,-2.15062265310479,-1.82361568058615,-3.48948910704452,2.59452703342069,3.95761753366188,2.2899102377307,-0.0133641051618838,0.762126454896602,2.31745098231936,-3.68959962347003,4.49012712159074,-0.577218180313317,-1.47150550457095,-6.36317542702931,-5.0016582439227,-0.672614061858766,0.160492739732202,-3.13360975710213,-4.33309574965372,-2.69810564633954,0.3492456382425,-5.36733607407215,4.9062193067238,0.0133641051618838,-2.58281801288521,-4.85493452739074,-0.554734768552528,1.92390493454774,2.46064282963402,3.44529466251374,2.19883431784591,-1.60453577082019,3.94266303589061,-4.65306801697703,2.5629081481344,-1.8856289061117,-6.55105173094026,5.26044252121047,-2.95634798860787,-3.81851118387328,-0.364394293839922,-2.98271052208586,-2.93212164771382,4.48977458255029,5.33514568076391,1.20444799099887,0.459936017779572,-2.33101079987671,-1.26695093135569,-0.382674563201892,-2.05732031676296,6.25553288632852,2.5121180123826,-0.866358590588462,-4.81802137208627,-4.08525304370806,2.41321114076829,-2.8300124736034,-4.72825710194986,0.997848119600089,-5.5354247510032,-0.700758495302452,5.24580908794764,-3.42800202570551,5.45809985527539,-0.199563596163248,-0.577447106851544,-14.3937428550432,0.0293880885056517,0.445900275408334,0.435642589402335,-0.775489869384639,6.2723771348403,1.52928391823141,4.1732075960636,2.1217965051838,-5.55336304441789,-4.88382479716726,-8.97965623996494,-1.62437049447604,3.07142484648449,-6.01092353979921,2.9158795602189,-0.933707996918287,4.74802746738514,2.15945576715264,-3.15464041971842,-6.24515907589982,-9.40410043052561,5.44951182634047,-5.28053416623582,-2.02519723805081,-2.65510624266629,-0.0135629850441745,2.70305154251459,-3.65354554721617,4.96778668706675,-0.918392449712154,-7.17154444081289,-5.49124060605907,-1.56218043898566,-0.78655321871819,-3.78477160300948
"KPC2_6_SERA",3.65568123813795,1.74684519684828,1.43373006576897,-8.30705846581681,3.41082890453075,-1.07956564313093,5.02410002450516,1.60936889116205,3.61667878398057,3.18996016551382,4.29739963648713,7.94908894128125,0.83227301702415,2.22251989596212,2.98683420789714,5.38045760511233,6.41568493709548,3.47334870180499,1.0779799361823,1.71658244175096,2.31711111684924,1.94477911464373,3.00949704506953,4.31533643759777,-1.03258575914056,-1.70240537617426,1.2216261611606,1.56046680540674,3.46707855740551,1.94852888898332,-1.10174693235471,0.945332682340442,-3.13162209359558,3.50669156180105,-3.30424218311422,7.24330270466993,0.0352133125898071,-4.21866970713982,-1.89618634690279,2.99617017590176,5.08885826476111,2.46174981687287,-1.3449002333248,-0.244918431704832,2.22480299753315,-1.96613970992769,6.4919579840491,-1.87528867336481,-0.110717169041735,-6.00096257416096,-0.910611383353182,-0.0352133125898071,1.04686760694578,-1.84702309212589,-3.10240058967046,-0.127007852987468,2.73907263034761,-2.30592104517825,5.56112836044363,-0.596219150768043,-3.78229896844993,-8.7776039418366,-3.85669111755716,0.19519401865243,1.01436826448314,6.62048766024797,1.68888602475591,0.596256227878261,2.0466074032201,-4.26738382346073,3.62060481440382,-0.502667682433295,-9.71098568790143,7.08238089088932,-1.80355266455374,-2.5115968150131,-1.64045298427914,-3.56785577262228,-0.189782124502454,4.91544426474881,2.56078175660255,3.20348376313725,2.05218921952745,-3.08011058854007,-1.45460240675071,1.20243572458413,-1.95198084073128,8.71848940424709,2.74258303578149,0.158649910095978,-4.60783046011725,-1.26635198642541,2.69703071690895,-3.65535085508083,-3.89889528631714,-0.845671150266627,-6.40213742005806,-1.77388014192177,3.68742859060853,-2.70461150253561,6.22597416228694,-3.22847985063577,-0.125419749080869,-0.203384225064468,-4.13331146415021,-1.33304696457198,-5.152081527826,-1.4157645274633,8.56994588601151,1.35055122448831,1.89399397550322,0.853786322741872,-4.82068299411319,-3.65582073730436,-7.57561440123689,-1.29455015677357,0.497521606319381,-4.4293276050868,0.119028910575029,-3.13107755707486,5.72062210736016,1.62772857437209,-2.39646583600768,-5.28484206119915,-8.06483967072879,7.4407538161282,-5.39401396815868,-0.562949999920128,-9.70060654212143,1.09137027877725,5.25765300392962,-5.46141438957715,7.02276133737368,-2.99803041767488,-7.94974650629685,-4.03549989709262,-3.27656821552749,-0.260511364533166,-0.612840666482924
