"ID"	"name"
"map01110"	"Biosynthesis of secondary metabolites"
"map00240"	"Pyrimidine metabolism"
"map01120"	"Microbial metabolism in diverse environments"
"map01100"	"Metabolic pathways"
"map00623"	"Toluene degradation"
"map00450"	"Selenocompound metabolism"
"map00627"	"Aminobenzoate degradation"
"map00626"	"Naphthalene degradation"
"map00230"	"Purine metabolism"
"map00970"	"Aminoacyl-tRNA biosynthesis"
"map04626"	"Plant-pathogen interaction"
"map03010"	"Ribosome"
"map01230"	"Biosynthesis of amino acids"
"map00053"	"Ascorbate and aldarate metabolism"
"map00071"	"Fatty acid degradation"
"map03020"	"RNA polymerase"
"map00520"	"Amino sugar and nucleotide sugar metabolism"
"map01130"	"Biosynthesis of antibiotics"
"map00260"	"Glycine, serine and threonine metabolism"
"map00030"	"Pentose phosphate pathway"
"map01212"	"Fatty acid metabolism"
"map00630"	"Glyoxylate and dicarboxylate metabolism"
"map01200"	"Carbon metabolism"
"map00400"	"Phenylalanine, tyrosine and tryptophan biosynthesis"
"map00250"	"Alanine, aspartate and glutamate metabolism"
"map00910"	"Nitrogen metabolism"
"map00791"	"Atrazine degradation"
"map00310"	"Lysine degradation"
"map00625"	"Chloroalkane and chloroalkene degradation"
"map02024"	"Quorum sensing"
"map00051"	"Fructose and mannose metabolism"
"map00405"	"Phenazine biosynthesis"
"map02010"	"ABC transporters"
"map02060"	"Phosphotransferase system (PTS)"
"map00380"	"Tryptophan metabolism"
"map00561"	"Glycerolipid metabolism"
"map00040"	"Pentose and glucuronate interconversions"
"map00350"	"Tyrosine metabolism"
"map00906"	"Carotenoid biosynthesis"
"map00710"	"Carbon fixation in photosynthetic organisms"
"map00330"	"Arginine and proline metabolism"
"map01220"	"Degradation of aromatic compounds"
"map00270"	"Cysteine and methionine metabolism"
"map00220"	"Arginine biosynthesis"
"map00950"	"Isoquinoline alkaloid biosynthesis"
"map03430"	"Mismatch repair"
"map03030"	"DNA replication"
"map00190"	"Oxidative phosphorylation"
"map00760"	"Nicotinate and nicotinamide metabolism"
"map00364"	"Fluorobenzoate degradation"
"map00401"	"Novobiocin biosynthesis"
"map00983"	"Drug metabolism - other enzymes"
"map05146"	"Amoebiasis"
"map00920"	"Sulfur metabolism"
"map02026"	"Biofilm formation - Escherichia coli"
"map00900"	"Terpenoid backbone biosynthesis"
"map00052"	"Galactose metabolism"
"map00332"	"Carbapenem biosynthesis"
"map00010"	"Glycolysis / Gluconeogenesis"
"map00562"	"Inositol phosphate metabolism"
"map00620"	"Pyruvate metabolism"
"map03060"	"Protein export"
"map00362"	"Benzoate degradation"
"map03440"	"Homologous recombination"
"map00650"	"Butanoate metabolism"
"map00195"	"Photosynthesis"
"map00410"	"beta-Alanine metabolism"
"map00072"	"Synthesis and degradation of ketone bodies"
"map00780"	"Biotin metabolism"
"map00062"	"Fatty acid elongation"
"map00061"	"Fatty acid biosynthesis"
"map00253"	"Tetracycline biosynthesis"
"map00790"	"Folate biosynthesis"
"map00361"	"Chlorocyclohexane and chlorobenzene degradation"
"map01040"	"Biosynthesis of unsaturated fatty acids"
"map00121"	"Secondary bile acid biosynthesis"
"map00600"	"Sphingolipid metabolism"
"map00430"	"Taurine and hypotaurine metabolism"
"map00860"	"Porphyrin and chlorophyll metabolism"
"map00640"	"Propanoate metabolism"
"map03410"	"Base excision repair"
"map02025"	"Biofilm formation - Pseudomonas aeruginosa"
"map00340"	"Histidine metabolism"
"map00550"	"Peptidoglycan biosynthesis"
"map05120"	"Epithelial cell signaling in Helicobacter pylori infection"
"map05110"	"Vibrio cholerae infection"
"map05152"	"Tuberculosis"
"map00360"	"Phenylalanine metabolism"
"map00100"	"Steroid biosynthesis"
"map00564"	"Glycerophospholipid metabolism"
"map03013"	"RNA transport"
"map00642"	"Ethylbenzene degradation"
"map00280"	"Valine, leucine and isoleucine degradation"
"map00680"	"Methane metabolism"
"map01503"	"Cationic antimicrobial peptide (CAMP) resistance"
"map04916"	"Melanogenesis"
"map01502"	"Vancomycin resistance"
"map01210"	"2-Oxocarboxylic acid metabolism"
"map05231"	"Choline metabolism in cancer"
"map00980"	"Metabolism of xenobiotics by cytochrome P450"
"map00740"	"Riboflavin metabolism"
"map02030"	"Bacterial chemotaxis"
"map02020"	"Two-component system"
"map03070"	"Bacterial secretion system"
"map00770"	"Pantothenate and CoA biosynthesis"
"map05230"	"Central carbon metabolism in cancer"
"map04066"	"HIF-1 signaling pathway"
"map05150"	"Staphylococcus aureus infection"
"map00565"	"Ether lipid metabolism"
"map00020"	"Citrate cycle (TCA cycle)"
"map03450"	"Non-homologous end-joining"
"map00730"	"Thiamine metabolism"
"map00785"	"Lipoic acid metabolism"
"map04922"	"Glucagon signaling pathway"
"map00643"	"Styrene degradation"
"map00592"	"alpha-Linolenic acid metabolism"
"map01501"	"beta-Lactam resistance"
"map00500"	"Starch and sucrose metabolism"
"map03420"	"Nucleotide excision repair"
"map04070"	"Phosphatidylinositol signaling system"
"map05100"	"Bacterial invasion of epithelial cells"
"map04975"	"Fat digestion and absorption"
"map04361"	"Axon regeneration"
"map04917"	"Prolactin signaling pathway"
"map02040"	"Flagellar assembly"
"map00300"	"Lysine biosynthesis"
"map03018"	"RNA degradation"
"map00965"	"Betalain biosynthesis"
"map00480"	"Glutathione metabolism"
"map05111"	"Biofilm formation - Vibrio cholerae"
"map04112"	"Cell cycle - Caulobacter"
"map00523"	"Polyketide sugar unit biosynthesis"
"map04072"	"Phospholipase D signaling pathway"
"map00670"	"One carbon pool by folate"
"map00540"	"Lipopolysaccharide biosynthesis"
"map00999"	"Biosynthesis of various secondary metabolites - part 1"
"map00720"	"Carbon fixation pathways in prokaryotes"
"map04933"	"AGE-RAGE signaling pathway in diabetic complications"
"map05418"	"Fluid shear stress and atherosclerosis"
"map04621"	"NOD-like receptor signaling pathway"
"map00460"	"Cyanoamino acid metabolism"
"map00521"	"Streptomycin biosynthesis"
"map00130"	"Ubiquinone and other terpenoid-quinone biosynthesis"
"map01051"	"Biosynthesis of ansamycins"
"map00830"	"Retinol metabolism"
"map00982"	"Drug metabolism - cytochrome P450"
"map05134"	"Legionellosis"
"map00290"	"Valine, leucine and isoleucine biosynthesis"
"map04152"	"AMPK signaling pathway"
"map04122"	"Sulfur relay system"
"map00908"	"Zeatin biosynthesis"
"map05133"	"Pertussis"
"map01053"	"Biosynthesis of siderophore group nonribosomal peptides"
"map00590"	"Arachidonic acid metabolism"
"map00333"	"Prodigiosin biosynthesis"
"map00622"	"Xylene degradation"
"map00750"	"Vitamin B6 metabolism"
"map00621"	"Dioxin degradation"
"map01056"	"Biosynthesis of type II polyketide backbone"
"map00281"	"Geraniol degradation"
"map00473"	"D-Alanine metabolism"
"map00525"	"Acarbose and validamycin biosynthesis"
"map04976"	"Bile secretion"
"map01055"	"Biosynthesis of vancomycin group antibiotics"
"map00541"	"O-Antigen nucleotide sugar biosynthesis"
"map00984"	"Steroid degradation"
"map05165"	"Human papillomavirus infection"
"map05132"	"Salmonella infection"
"map05012"	"Parkinson disease"
"map04217"	"Necroptosis"
"map00471"	"D-Glutamine and D-glutamate metabolism"
"map00511"	"Other glycan degradation"
"map05135"	"Yersinia infection"
"map00903"	"Limonene and pinene degradation"
"map00930"	"Caprolactam degradation"
"map00624"	"Polycyclic aromatic hydrocarbon degradation"
"map05205"	"Proteoglycans in cancer"
"map00945"	"Stilbenoid, diarylheptanoid and gingerol biosynthesis"
"map05016"	"Huntington disease"
"map05022"	"Pathways of neurodegeneration - multiple diseases"
"map04918"	"Thyroid hormone synthesis"
"map05014"	"Amyotrophic lateral sclerosis"
"map04146"	"Peroxisome"
"map00960"	"Tropane, piperidine and pyridine alkaloid biosynthesis"
"map00524"	"Neomycin, kanamycin and gentamicin biosynthesis"
"map00998"	"Biosynthesis of various secondary metabolites - part 2"
"map01523"	"Antifolate resistance"
"map04931"	"Insulin resistance"
"map05130"	"Pathogenic Escherichia coli infection"
"map05131"	"Shigellosis"
"map03050"	"Proteasome"
"map04212"	"Longevity regulating pathway - worm"
"map04972"	"Pancreatic secretion"
"map00660"	"C5-Branched dibasic acid metabolism"
"map03320"	"PPAR signaling pathway"
"map04978"	"Mineral absorption"
"map01524"	"Platinum drug resistance"
"map05340"	"Primary immunodeficiency"
"map05200"	"Pathways in cancer"
"map05204"	"Chemical carcinogenesis"
"map05225"	"Hepatocellular carcinoma"
"map00261"	"Monobactam biosynthesis"
"map00513"	"Various types of N-glycan biosynthesis"
"map00604"	"Glycosphingolipid biosynthesis - ganglio series"
"map00531"	"Glycosaminoglycan degradation"
"map00603"	"Glycosphingolipid biosynthesis - globo and isoglobo series"
"map04142"	"Lysosome"
"map04973"	"Carbohydrate digestion and absorption"
"map00440"	"Phosphonate and phosphinate metabolism"
"map04727"	"GABAergic synapse"
"map00572"	"Arabinogalactan biosynthesis - Mycobacterium"
"map05010"	"Alzheimer disease"
"map04940"	"Type I diabetes mellitus"
"map04214"	"Apoptosis - fly"
"map04919"	"Thyroid hormone signaling pathway"
"map04970"	"Salivary secretion"
"map00633"	"Nitrotoluene degradation"
"map04724"	"Glutamatergic synapse"
"map04216"	"Ferroptosis"
"map04920"	"Adipocytokine signaling pathway"
"map00311"	"Penicillin and cephalosporin biosynthesis"
"map04013"	"MAPK signaling pathway - fly"
"map04068"	"FoxO signaling pathway"
"map04211"	"Longevity regulating pathway"
"map04213"	"Longevity regulating pathway - multiple species"
"map00522"	"Biosynthesis of 12-, 14- and 16-membered macrolides"
"map01052"	"Type I polyketide structures"
"map00331"	"Clavulanic acid biosynthesis"
"map04016"	"MAPK signaling pathway - plant"
"map04930"	"Type II diabetes mellitus"
"map00571"	"Lipoarabinomannan (LAM) biosynthesis"
"map03008"	"Ribosome biogenesis in eukaryotes"
"map01054"	"Nonribosomal peptide structures"
"map00940"	"Phenylpropanoid biosynthesis"
"map00404"	"Staurosporine biosynthesis"
"map00941"	"Flavonoid biosynthesis"
"map05203"	"Viral carcinogenesis"
"map04714"	"Thermogenesis"
"map04910"	"Insulin signaling pathway"
"map00966"	"Glucosinolate biosynthesis"
"map05206"	"MicroRNAs in cancer"
"map04622"	"RIG-I-like receptor signaling pathway"
"map00944"	"Flavone and flavonol biosynthesis"
"map04550"	"Signaling pathways regulating pluripotency of stem cells"
"map00514"	"Other types of O-glycan biosynthesis"
"map00365"	"Furfural degradation"
"map00073"	"Cutin, suberine and wax biosynthesis"
"map00232"	"Caffeine metabolism"
"map00591"	"Linoleic acid metabolism"
"map00472"	"D-Arginine and D-ornithine metabolism"
